Image_ID,Image_Path,True_Label,Predicted_Label,Correct?
img_no_17.jpg,D:\Thesis\thesis-eyeglasses\data\processed_faces\dataset2\test\heart\img_no_17.jpg,heart,round,0
img_no_18.jpg,D:\Thesis\thesis-eyeglasses\data\processed_faces\dataset2\test\heart\img_no_18.jpg,heart,round,0
img_no_71.jpg,D:\Thesis\thesis-eyeglasses\data\processed_faces\dataset2\test\heart\img_no_71.jpg,heart,round,0
img_no_101.jpg,D:\Thesis\thesis-eyeglasses\data\processed_faces\dataset2\test\oblong\img_no_101.jpg,oblong,round,0
img_no_131.jpg,D:\Thesis\thesis-eyeglasses\data\processed_faces\dataset2\test\oblong\img_no_131.jpg,oblong,heart,0
img_no_140.jpg,D:\Thesis\thesis-eyeglasses\data\processed_faces\dataset2\test\oblong\img_no_140.jpg,oblong,heart,0
img_no_170.jpg,D:\Thesis\thesis-eyeglasses\data\processed_faces\dataset2\test\oblong\img_no_170.jpg,oblong,round,0
img_no_177.jpg,D:\Thesis\thesis-eyeglasses\data\processed_faces\dataset2\test\oblong\img_no_177.jpg,oblong,heart,0
img_no_205.jpg,D:\Thesis\thesis-eyeglasses\data\processed_faces\dataset2\test\oval\img_no_205.jpg,oval,heart,0
img_no_210.jpg,D:\Thesis\thesis-eyeglasses\data\processed_faces\dataset2\test\oval\img_no_210.jpg,oval,heart,0
img_no_211.jpg,D:\Thesis\thesis-eyeglasses\data\processed_faces\dataset2\test\oval\img_no_211.jpg,oval,round,0
img_no_243.jpg,D:\Thesis\thesis-eyeglasses\data\processed_faces\dataset2\test\oval\img_no_243.jpg,oval,round,0
img_no_245.jpg,D:\Thesis\thesis-eyeglasses\data\processed_faces\dataset2\test\oval\img_no_245.jpg,oval,oblong,0
img_no_284.jpg,D:\Thesis\thesis-eyeglasses\data\processed_faces\dataset2\test\oval\img_no_284.jpg,oval,heart,0
img_no_405.jpg,D:\Thesis\thesis-eyeglasses\data\processed_faces\dataset2\test\square\img_no_405.jpg,square,round,0
img_no_434.jpg,D:\Thesis\thesis-eyeglasses\data\processed_faces\dataset2\test\square\img_no_434.jpg,square,round,0
img_no_470.jpg,D:\Thesis\thesis-eyeglasses\data\processed_faces\dataset2\test\square\img_no_470.jpg,square,round,0
img_no_474.jpg,D:\Thesis\thesis-eyeglasses\data\processed_faces\dataset2\test\square\img_no_474.jpg,square,round,0
img_no_477.jpg,D:\Thesis\thesis-eyeglasses\data\processed_faces\dataset2\test\square\img_no_477.jpg,square,round,0
